{"cameraMode":{"drawMode":0,"name":"Shaded","section":"Shading Mode"},"sceneLighting":true,"audioPlay":false,"sceneViewState":{"m_AlwaysRefresh":false,"showFog":true,"showSkybox":true,"showFlares":true,"showImageEffects":true,"showParticleSystems":true,"showVisualEffectGraphs":true,"m_FxEnabled":true},"in2DMode":false,"pivot":{"x":4.1953887939453129,"y":14.381562232971192,"z":5.318016529083252},"rotation":{"x":-0.14473386108875276,"y":-0.06162168085575104,"z":0.008973801508545876,"w":-0.9876790642738342},"size":11.357176780700684,"orthographic":false}